{"cameraMode":{"drawMode":0,"name":"Shaded","section":"Shading Mode"},"sceneLighting":false,"audioPlay":false,"sceneViewState":{"m_AlwaysRefresh":false,"showFog":true,"showSkybox":false,"showFlares":true,"showImageEffects":true,"showParticleSystems":true,"showVisualEffectGraphs":true,"m_FxEnabled":true},"in2DMode":false,"pivot":{"x":-0.08427774906158447,"y":0.1509561538696289,"z":0.04690074920654297},"rotation":{"x":0.1317511349916458,"y":0.6389240622520447,"z":-0.11231011152267456,"w":0.7495399713516235},"size":2.203059673309326,"orthographic":false}