{"cameraMode":{"drawMode":0,"name":"Shaded","section":"Shading Mode"},"sceneLighting":false,"audioPlay":false,"sceneViewState":{"m_AlwaysRefresh":false,"showFog":true,"showSkybox":false,"showFlares":true,"showImageEffects":true,"showParticleSystems":true,"showVisualEffectGraphs":true,"m_FxEnabled":true},"in2DMode":false,"pivot":{"x":0.0029234886169433595,"y":0.07929730415344238,"z":1.008880615234375},"rotation":{"x":-0.1146078035235405,"y":-0.8397101759910584,"z":0.19482623040676118,"w":-0.49380409717559817},"size":2.3339223861694338,"orthographic":false}