{"cameraMode":{"drawMode":0,"name":"Shaded","section":"Shading Mode"},"sceneLighting":true,"audioPlay":false,"sceneViewState":{"m_AlwaysRefresh":false,"showFog":true,"showSkybox":true,"showFlares":true,"showImageEffects":true,"showParticleSystems":true,"showVisualEffectGraphs":true,"m_FxEnabled":true},"in2DMode":false,"pivot":{"x":715.8402099609375,"y":351.4346618652344,"z":-1201.3375244140625},"rotation":{"x":-0.023999342694878579,"y":-0.008072310127317906,"z":0.00016618421068415046,"w":-0.9997064471244812},"size":74.64728546142578,"orthographic":false}