{"cameraMode":{"drawMode":0,"name":"Shaded","section":"Shading Mode"},"sceneLighting":false,"audioPlay":false,"sceneViewState":{"m_AlwaysRefresh":false,"showFog":true,"showSkybox":false,"showFlares":true,"showImageEffects":true,"showParticleSystems":true,"showVisualEffectGraphs":true,"m_FxEnabled":true},"in2DMode":false,"pivot":{"x":-0.03161907196044922,"y":-3.019534111022949,"z":-1.7169559001922608},"rotation":{"x":-0.1146078035235405,"y":-0.8397101759910584,"z":0.19482623040676118,"w":-0.49380409717559817},"size":2.7843551635742189,"orthographic":false}